{"0": 0.9982078853046595, "1": 1.0017985611510791}